code,system
137-1,readv2
1371-1,readv2
1372-1,readv2
1377,readv2
137A,readv2
137B,readv2
137L,readv2
137P-1,readv2
137R,readv2
137S,readv2
13WF-1,readv2
ASDFGNO1,readv2
EGTON1025,readv2
EGTON324,readv2
EGTON326,readv2
EGTON327,readv2
EGTONGR13,readv2
EMISNQPR396,readv2
EMISQCO3,readv2
EMISSMRE1,readv2
PCSDT1DE9,readv2
PCSDT1HE1,readv2
1371,readv2
137D,readv2
137E,readv2
137I0,readv2
137L-99,readv2
137W,readv2
137Z,readv2
137h,readv2
1372,readv2
1373,readv2
1374,readv2
1375,readv2
1376,readv2
137J,readv2
137M,readv2
137O,readv2
137P,readv2
137X,readv2
137Y,readv2
137g,readv2
137j,readv2
137l,readv2
EGTON1024,readv2
EGTON1026,readv2
EGTON1027,readv2
EGTON321,readv2
EGTON322,readv2
EMISQDA1,readv2
1378,readv2
EGTONGR11,readv2
1379,readv2
EGTONGR12,readv2
137C,readv2
137b,readv2
137c,readv2
137d,readv2
137m,readv2
137F,readv2
137F-99,readv2
EGTON1028,readv2
137G,readv2
137H,readv2
137N,readv2
137a,readv2
137o,readv2
EMISNQWA11,readv2
137I,readv2
137U,readv2
137K,readv2
137K0,readv2
EGTON328,readv2
137Q,readv2
137Q-1,readv2
137e,readv2
EGTONSM3,readv2
137T,readv2
EGTONSM4,readv2
137V,readv2
137f,readv2
137k,readv2
13p1,readv2
13p2,readv2
13p3,readv2
13p4,readv2
13p7,readv2
EGTONSM2,readv2
EGTONSM6,readv2
EMISNQSM14,readv2
EMISOTS1,readv2
EMISQGR1,readv2
137i,readv2
EMISNQEX4,readv2
137n,readv2
EMISNQTO12,readv2
13p,readv2
13p0,readv2
9ko,readv2
9ko-1,readv2
EMISNQSN1,readv2